{"data": [0.3414262179382391, 0.2596634391575384, 0.3414262179382391, 0.3414262179382391, 0.3414262179382391, 0.3414262179382391, 0.3414262179382391, 0.3414262179382391, 0.3414262179382391, 0.37796447300922725, 0.37796447300922725, 0.37796447300922725, 0.37796447300922725, 0.37796447300922725, 0.37796447300922725, 0.37796447300922725, 0.2819598745697001, 0.2819598745697001, 0.21443775225381304, 0.2819598745697001, 0.2819598745697001, 0.2819598745697001, 0.2819598745697001, 0.2819598745697001, 0.2819598745697001, 0.2819598745697001, 0.2819598745697001, 0.2819598745697001, 0.2819598745697001], "indices": [26, 24, 22, 19, 15, 13, 12, 11, 1, 23, 21, 20, 7, 6, 5, 2, 27, 25, 24, 18, 17, 16, 14, 10, 9, 8, 4, 3, 0], "indptr": [0, 9, 16, 29], "shape": [3, 28]}